-- phpMyAdmin SQL Dump
-- version 5.0.2
-- https://www.phpmyadmin.net/
--
-- Host: 127.0.0.1
-- Generation Time: Jan 04, 2025 at 07:40 AM
-- Server version: 10.4.11-MariaDB
-- PHP Version: 7.4.6

SET SQL_MODE = "NO_AUTO_VALUE_ON_ZERO";
START TRANSACTION;
SET time_zone = "+00:00";


/*!40101 SET @OLD_CHARACTER_SET_CLIENT=@@CHARACTER_SET_CLIENT */;
/*!40101 SET @OLD_CHARACTER_SET_RESULTS=@@CHARACTER_SET_RESULTS */;
/*!40101 SET @OLD_COLLATION_CONNECTION=@@COLLATION_CONNECTION */;
/*!40101 SET NAMES utf8mb4 */;

--
-- Database: `bk_poliklinik`
--

-- --------------------------------------------------------

--
-- Table structure for table `daftar_poli`
--

CREATE TABLE `daftar_poli` (
  `id` int(11) NOT NULL,
  `id_pasien` int(11) NOT NULL,
  `id_jadwal` int(11) NOT NULL,
  `keluhan` text DEFAULT NULL,
  `no_antrian` int(10) UNSIGNED DEFAULT NULL,
  `status_periksa` tinyint(1) NOT NULL
) ENGINE=InnoDB DEFAULT CHARSET=utf8mb4;

--
-- Dumping data for table `daftar_poli`
--

INSERT INTO `daftar_poli` (`id`, `id_pasien`, `id_jadwal`, `keluhan`, `no_antrian`, `status_periksa`) VALUES
(46, 12, 1, 'pusing', 1, 1);

-- --------------------------------------------------------

--
-- Table structure for table `detail_periksa`
--

CREATE TABLE `detail_periksa` (
  `id` int(11) NOT NULL,
  `id_periksa` int(11) NOT NULL,
  `id_obat` int(11) NOT NULL
) ENGINE=InnoDB DEFAULT CHARSET=utf8mb4;

--
-- Dumping data for table `detail_periksa`
--

INSERT INTO `detail_periksa` (`id`, `id_periksa`, `id_obat`) VALUES
(63, 48, 51),
(64, 48, 54),
(65, 48, 56);

-- --------------------------------------------------------

--
-- Table structure for table `dokter`
--

CREATE TABLE `dokter` (
  `id` int(11) NOT NULL,
  `nama` varchar(255) DEFAULT NULL,
  `alamat` varchar(255) DEFAULT NULL,
  `no_hp` varchar(50) DEFAULT NULL,
  `id_poli` int(11) NOT NULL
) ENGINE=InnoDB DEFAULT CHARSET=latin1 ROW_FORMAT=DYNAMIC;

--
-- Dumping data for table `dokter`
--

INSERT INTO `dokter` (`id`, `nama`, `alamat`, `no_hp`, `id_poli`) VALUES
(11, 'Ifan', 'Semarang', '489921018789', 1),
(14, 'Aje', 'Semarang', '812345678', 4);

-- --------------------------------------------------------

--
-- Table structure for table `jadwal_periksa`
--

CREATE TABLE `jadwal_periksa` (
  `id` int(11) NOT NULL,
  `id_dokter` int(11) NOT NULL,
  `hari` enum('Senin','Selasa','Rabu','Kamis','Jumat','Sabtu') DEFAULT NULL,
  `jam_mulai` time DEFAULT NULL,
  `jam_selesai` time DEFAULT NULL,
  `aktif` enum('Y','T') NOT NULL
) ENGINE=InnoDB DEFAULT CHARSET=utf8mb4;

--
-- Dumping data for table `jadwal_periksa`
--

INSERT INTO `jadwal_periksa` (`id`, `id_dokter`, `hari`, `jam_mulai`, `jam_selesai`, `aktif`) VALUES
(1, 11, 'Selasa', '19:00:00', '20:00:00', 'Y'),
(2, 11, 'Rabu', '08:30:00', '10:20:00', 'T'),
(3, 11, 'Kamis', '13:00:00', '15:00:00', 'T'),
(4, 11, 'Selasa', '07:00:00', '09:00:00', 'T'),
(6, 14, 'Senin', '09:00:00', '10:00:00', 'T');

-- --------------------------------------------------------

--
-- Table structure for table `obat`
--

CREATE TABLE `obat` (
  `id` int(11) NOT NULL,
  `nama_obat` varbinary(255) NOT NULL,
  `kemasan` varchar(35) NOT NULL,
  `harga` int(11) NOT NULL
) ENGINE=InnoDB DEFAULT CHARSET=utf8mb4;

--
-- Dumping data for table `obat`
--

INSERT INTO `obat` (`id`, `nama_obat`, `kemasan`, `harga`) VALUES
(51, 0x4e657572616c67696e65, '1 Pleng', 10000),
(54, 0x416c70617261, '1 Pleng', 8000),
(56, 0x5472656d656e7a61, '1 Pleng', 20000),
(58, 0x426f64726578, '1 Pleng', 6000),
(59, 0x506172616d6578, '1 Pleng', 7000),
(61, 0x566974616d696e2043, '1 Pleng', 14000),
(62, 0x46472054726f63686573, '1 Pleng', 18000),
(64, 0x566974616d696e2044, '1 Pleng', 15000),
(65, 0x566974616d696e2045, '1 Pleng', 17000),
(67, 0x416e746962696f74696b, '1 Pleng', 21000);

-- --------------------------------------------------------

--
-- Table structure for table `pasien`
--

CREATE TABLE `pasien` (
  `id` int(11) NOT NULL,
  `nama` varchar(255) NOT NULL,
  `alamat` varchar(255) NOT NULL,
  `no_ktp` varchar(255) NOT NULL,
  `no_hp` varchar(50) NOT NULL,
  `no_rm` varchar(25) DEFAULT NULL
) ENGINE=InnoDB DEFAULT CHARSET=latin1 ROW_FORMAT=DYNAMIC;

--
-- Dumping data for table `pasien`
--

INSERT INTO `pasien` (`id`, `nama`, `alamat`, `no_ktp`, `no_hp`, `no_rm`) VALUES
(12, 'Arya', 'Semarang', '33022', '8124567', '202412-001'),
(14, 'Arya1', 'Semarang', '3300225', '81234567889', '202412-002'),
(16, 'Aje', 'Semarang', '3302245', '8123456', '202412-003'),
(20, 'Danang', 'Semarang', '3302256', '8123857598', '202412-004');

-- --------------------------------------------------------

--
-- Table structure for table `periksa`
--

CREATE TABLE `periksa` (
  `id` int(11) NOT NULL,
  `id_daftar_poli` int(11) NOT NULL,
  `tgl_periksa` datetime NOT NULL,
  `catatan` text DEFAULT NULL,
  `biaya_periksa` int(11) DEFAULT NULL
) ENGINE=InnoDB DEFAULT CHARSET=latin1 ROW_FORMAT=DYNAMIC;

--
-- Dumping data for table `periksa`
--

INSERT INTO `periksa` (`id`, `id_daftar_poli`, `tgl_periksa`, `catatan`, `biaya_periksa`) VALUES
(48, 46, '2025-01-04 11:11:00', 'istirahat', 188000);

-- --------------------------------------------------------

--
-- Table structure for table `poli`
--

CREATE TABLE `poli` (
  `id` int(11) NOT NULL,
  `nama_poli` varchar(25) NOT NULL,
  `keterangan` text DEFAULT NULL
) ENGINE=InnoDB DEFAULT CHARSET=utf8mb4;

--
-- Dumping data for table `poli`
--

INSERT INTO `poli` (`id`, `nama_poli`, `keterangan`) VALUES
(1, 'Poliklinik Satu', 'Sangat murah'),
(4, 'Poliklinik Dua', 'mahal dikit gapapa');

--
-- Indexes for dumped tables
--

--
-- Indexes for table `daftar_poli`
--
ALTER TABLE `daftar_poli`
  ADD PRIMARY KEY (`id`),
  ADD KEY `id_pasien` (`id_pasien`,`id_jadwal`),
  ADD KEY `id_jadwal` (`id_jadwal`);

--
-- Indexes for table `detail_periksa`
--
ALTER TABLE `detail_periksa`
  ADD PRIMARY KEY (`id`),
  ADD KEY `id_periksa` (`id_periksa`,`id_obat`),
  ADD KEY `id_obat` (`id_obat`);

--
-- Indexes for table `dokter`
--
ALTER TABLE `dokter`
  ADD PRIMARY KEY (`id`) USING BTREE,
  ADD KEY `id_poli` (`id_poli`);

--
-- Indexes for table `jadwal_periksa`
--
ALTER TABLE `jadwal_periksa`
  ADD PRIMARY KEY (`id`),
  ADD KEY `id_dokter` (`id_dokter`);

--
-- Indexes for table `obat`
--
ALTER TABLE `obat`
  ADD PRIMARY KEY (`id`);

--
-- Indexes for table `pasien`
--
ALTER TABLE `pasien`
  ADD PRIMARY KEY (`id`) USING BTREE;

--
-- Indexes for table `periksa`
--
ALTER TABLE `periksa`
  ADD PRIMARY KEY (`id`) USING BTREE,
  ADD KEY `id_daftar_poli` (`id_daftar_poli`);

--
-- Indexes for table `poli`
--
ALTER TABLE `poli`
  ADD PRIMARY KEY (`id`);

--
-- AUTO_INCREMENT for dumped tables
--

--
-- AUTO_INCREMENT for table `daftar_poli`
--
ALTER TABLE `daftar_poli`
  MODIFY `id` int(11) NOT NULL AUTO_INCREMENT, AUTO_INCREMENT=47;

--
-- AUTO_INCREMENT for table `detail_periksa`
--
ALTER TABLE `detail_periksa`
  MODIFY `id` int(11) NOT NULL AUTO_INCREMENT, AUTO_INCREMENT=66;

--
-- AUTO_INCREMENT for table `dokter`
--
ALTER TABLE `dokter`
  MODIFY `id` int(11) NOT NULL AUTO_INCREMENT, AUTO_INCREMENT=16;

--
-- AUTO_INCREMENT for table `jadwal_periksa`
--
ALTER TABLE `jadwal_periksa`
  MODIFY `id` int(11) NOT NULL AUTO_INCREMENT, AUTO_INCREMENT=7;

--
-- AUTO_INCREMENT for table `obat`
--
ALTER TABLE `obat`
  MODIFY `id` int(11) NOT NULL AUTO_INCREMENT, AUTO_INCREMENT=69;

--
-- AUTO_INCREMENT for table `pasien`
--
ALTER TABLE `pasien`
  MODIFY `id` int(11) NOT NULL AUTO_INCREMENT, AUTO_INCREMENT=22;

--
-- AUTO_INCREMENT for table `periksa`
--
ALTER TABLE `periksa`
  MODIFY `id` int(11) NOT NULL AUTO_INCREMENT, AUTO_INCREMENT=49;

--
-- AUTO_INCREMENT for table `poli`
--
ALTER TABLE `poli`
  MODIFY `id` int(11) NOT NULL AUTO_INCREMENT, AUTO_INCREMENT=7;

--
-- Constraints for dumped tables
--

--
-- Constraints for table `daftar_poli`
--
ALTER TABLE `daftar_poli`
  ADD CONSTRAINT `daftar_poli_ibfk_1` FOREIGN KEY (`id_pasien`) REFERENCES `pasien` (`id`) ON DELETE CASCADE ON UPDATE CASCADE,
  ADD CONSTRAINT `daftar_poli_ibfk_2` FOREIGN KEY (`id_jadwal`) REFERENCES `jadwal_periksa` (`id`) ON DELETE CASCADE ON UPDATE CASCADE;

--
-- Constraints for table `detail_periksa`
--
ALTER TABLE `detail_periksa`
  ADD CONSTRAINT `detail_periksa_ibfk_1` FOREIGN KEY (`id_periksa`) REFERENCES `periksa` (`id`) ON DELETE CASCADE ON UPDATE CASCADE,
  ADD CONSTRAINT `detail_periksa_ibfk_2` FOREIGN KEY (`id_obat`) REFERENCES `obat` (`id`) ON DELETE CASCADE ON UPDATE CASCADE;

--
-- Constraints for table `dokter`
--
ALTER TABLE `dokter`
  ADD CONSTRAINT `dokter_ibfk_1` FOREIGN KEY (`id_poli`) REFERENCES `poli` (`id`) ON DELETE CASCADE ON UPDATE CASCADE;

--
-- Constraints for table `jadwal_periksa`
--
ALTER TABLE `jadwal_periksa`
  ADD CONSTRAINT `jadwal_periksa_ibfk_1` FOREIGN KEY (`id_dokter`) REFERENCES `dokter` (`id`) ON DELETE CASCADE ON UPDATE CASCADE;

--
-- Constraints for table `periksa`
--
ALTER TABLE `periksa`
  ADD CONSTRAINT `periksa_ibfk_1` FOREIGN KEY (`id_daftar_poli`) REFERENCES `daftar_poli` (`id`) ON DELETE CASCADE ON UPDATE CASCADE;
COMMIT;

/*!40101 SET CHARACTER_SET_CLIENT=@OLD_CHARACTER_SET_CLIENT */;
/*!40101 SET CHARACTER_SET_RESULTS=@OLD_CHARACTER_SET_RESULTS */;
/*!40101 SET COLLATION_CONNECTION=@OLD_COLLATION_CONNECTION */;
